{
  "indexes": [
    {
      "collectionGroup": "rms",
      "queryScope": "COLLECTION",
      "fields": [
        { "fieldPath": "resource", "order": "ASCENDING" },
        { "fieldPath": "avgRating", "order": "DESCENDING" }
      ]
    },
    {
      "collectionGroup": "rms",
      "queryScope": "COLLECTION",
      "fields": [
        { "fieldPath": "snapshot", "order": "ASCENDING" },
        { "fieldPath": "avgRating", "order": "DESCENDING" }
      ]
    }
  ],
  "fieldOverrides": []
}